Number,Created At,Type,Elapsed Time,Status,Text,Tags,Entered Time
981,2023-04-13 03:10:55,Stopwatch,00:49:52,Completed,update website,,00:00:00
980,2023-04-13 01:19:31,Stopwatch,01:51:19,Completed,interview prep,,00:00:00
979,2023-04-12 17:38:37,Stopwatch,00:46:52,Completed,personal tasks,,00:00:00
978,2023-04-12 17:38:12,Stopwatch,00:00:16,Trashed,personal,,00:00:00
977,2023-04-12 14:56:20,Stopwatch,01:18:59,Completed,break,,00:00:00
976,2023-04-12 14:49:13,Stopwatch,00:07:04,Completed,email,,00:00:00
975,2023-04-12 13:47:01,Stopwatch,01:02:09,Completed,fullstack engineering,,00:00:00
974,2023-04-12 13:14:20,Stopwatch,00:28:25,Completed,interview prep,,00:00:00
973,2023-04-12 13:04:13,Stopwatch,00:09:54,Completed,update website,,00:00:00
972,2023-04-12 12:37:50,Stopwatch,00:12:39,Completed,codeacademy,,00:00:00
971,2023-04-12 12:06:51,Stopwatch,00:30:42,Completed,organization,,00:00:00
970,2023-04-11 20:32:22,Stopwatch,00:13:44,Completed,portfolio projects,,00:00:00
969,2023-04-11 18:59:02,Stopwatch,01:30:08,Completed,break,,00:00:00
968,2023-04-11 18:45:36,Stopwatch,00:13:22,Completed,portfolio projects,,00:00:00
967,2023-04-11 17:08:56,Stopwatch,01:32:16,Completed,jobsearch,,00:00:00
966,2023-04-11 14:24:08,Timer,00:25:00,Completed,25min,,00:25:00
965,2023-04-11 14:22:32,Stopwatch,00:19:06,Completed,email,,00:00:00
964,2023-04-11 13:35:09,Stopwatch,00:47:13,Completed,organization,,00:00:00
